Workbook

Sheet AASS
A1: pf_name | B1: plini | C1: qlini | D1: pf_name_unit
A2: I. Castilla+SS/AA Castilla 110kV | B2: 0.25 | C2: 0.3 | D2: S/E
A3: I. Pto. Chungo + SS/AA Los Vilos 110 kV | B3: 5.1 | C3: -0.5 | D3: S/E
A4: SS/A TER Combarbala 1 | B4: 0 | C4: 0 | D4: TER CR COMBARBALA PH-12
A5: SS/A TER Combarbala 2 | B5: 0 | C5: 0 | D5: TER CR COMBARBALA PH-12
A6: SS/A TER Combarbala 3 | B6: 0 | C6: 0 | D6: TER CR COMBARBALA PH-12
A7: SS/A TER Llanos Blancos 1 | B7: 0 | C7: 0 | D7: S/E
A8: SS/A TER Llanos Blancos 2 | B8: 0 | C8: 0 | D8: S/E
A9: SS/A TER Llanos Blancos 3 | B9: 0 | C9: 0 | D9: S/E
A10: SS/A TER Llanos Blancos 4 | B10: 0 | C10: 0 | D10: S/E
A11: SS/A TER Llanos Blancos 5 | B11: 0 | C11: 0 | D11: S/E
A12: SS/A TER Llanos Blancos 6 | B12: 0 | C12: 0 | D12: S/E
A13: SS/A TER Pajonales 1 | B13: 0 | C13: 0 | D13: TER CR PAJONALES (U1-U56)_N1
... A130: SS/AA UGs Tamaya | B130: 0 | C130: 0 | D130: N/A

Sheet AASS_V0
A1: pf_name | B1: plini | C1: qlini | D1: pf_name_unit
A2: I. Castilla+SS/AA Castilla 110kV | B2: 0.25 | C2: 0.3 | D2: S/E
A3: I. Pto. Chungo + SS/AA Los Vilos 110 kV | B3: 5.1 | C3: -0.5 | D3: S/E
A4: SS/AA ANG 1.1 y 1.2 | B4: 19.6 | C4: 9.5 | D4: TER ANGAMOS U1 | F4: Otros valores | G4: 5.6 | H4: -8.2
A5: SS/AA ANG 2.1 y 2.2 | B5: 19.6 | C5: 9.5 | D5: TER ANGAMOS U2
A6: SS/AA Angostura G1 | B6: 0.3 | C6: 0.1 | D6: HE ANGOSTURA U1
A7: SS/AA Angostura G2 | B7: 0.3 | C7: 0.1 | D7: HE ANGOSTURA U2
A8: SS/AA BESS Arica | B8: 0.1 | C8: 0.0707 | D8: BESS ARICA
A9: SS/AA BESS Nueva Imperial | B9: 0.1 | C9: 0 | D9: BESS NUEVA IMPERIAL
A10: SS/AA Canutillar G1 | B10: 1.3 | C10: 0.8 | D10: HE CANUTILLAR U1
A11: SS/AA Canutillar G2 | B11: 1.3 | C11: 0.8 | D11: HE CANUTILLAR U2
A12: SS/AA CCH 1.1 | B12: 15.4 | C12: 8.9 | D12: TER COCHRANE U1
A13: SS/AA CCH 2.1 | B13: 16.7 | C13: 10.5 | D13: TER COCHRANE U2
A14: SS/AA CD Arica | B14: 2.7 | C14: 1.2 | D14: TER ARICA GMAR (U1-U4)
A15: SS/AA CD Tamaya | B15: 0 | C15: 0 | D15: N/A
A16: SS/AA CSP Cerro Dominador | B16: 4 | C16: 1.2 | D16: CSP CERRO DOMINADOR
... A131: SS/AA TG3 Tocopilla | B131: 0 | C131: 0 | D131: TER TOCOPILLA TG3
A132: SS/AA U14 Tocopilla | B132: 0 | C132: 0
A133: SS/AA U15 Tocopilla | B133: 0 | C133: 0
A134: SS/AA U16 Tocopilla | B134: 8.7 | C134: 1.9 | D134: TER TOCOPILLA U16-TG-TV

Sheet UFLS
A1: pf_name | B1: plini | C1: qlini
A2: R. Casas Viejas 110 kV | B2: =VLOOKUP(UFLS!A2,DB!$A$3:$C$1246,2,0) -> 7.454239 | C2: =VLOOKUP(UFLS!A2,DB!$A$3:$C$1246,3,0) -> 0
A3: R. Andacollo 66 kV | B3: =VLOOKUP(UFLS!A3,DB!$A$3:$C$1246,2,0) -> 0.6522724 | C3: =VLOOKUP(UFLS!A3,DB!$A$3:$C$1246,3,0) -> 0.6106762
A4: I. Arauco | B4: =VLOOKUP(UFLS!A4,DB!$A$3:$C$1246,2,0) -> 0 | C4: =VLOOKUP(UFLS!A4,DB!$A$3:$C$1246,3,0) -> 0
A5: R. Cabildo 1 | B5: =VLOOKUP(UFLS!A5,DB!$A$3:$C$1246,2,0) -> 0 | C5: =VLOOKUP(UFLS!A5,DB!$A$3:$C$1246,3,0) -> 0
A6: I. Cholguán 66 kV | B6: =VLOOKUP(UFLS!A6,DB!$A$3:$C$1246,2,0) -> 0 | C6: =VLOOKUP(UFLS!A6,DB!$A$3:$C$1246,3,0) -> 0
A7: I. Dos Amigos 110 kV | B7: =VLOOKUP(UFLS!A7,DB!$A$3:$C$1246,2,0) -> 0 | C7: =VLOOKUP(UFLS!A7,DB!$A$3:$C$1246,3,0) -> 0
A8: I. Inforsa 1 | B8: =VLOOKUP(UFLS!A8,DB!$A$3:$C$1246,2,0) -> 0 | C8: =VLOOKUP(UFLS!A8,DB!$A$3:$C$1246,3,0) -> 0
A9: I. Min.Carmen de Andacollo 110 kV | B9: =VLOOKUP(UFLS!A9,DB!$A$3:$C$1246,2,0) -> 0 | C9: =VLOOKUP(UFLS!A9,DB!$A$3:$C$1246,3,0) -> 0
A10: R. Ovalle 1 66 kV | B10: =VLOOKUP(UFLS!A10,DB!$A$3:$C$1246,2,0) -> 0 | C10: =VLOOKUP(UFLS!A10,DB!$A$3:$C$1246,3,0) -> 0
A11: I. Polpaico 1 | B11: =VLOOKUP(UFLS!A11,DB!$A$3:$C$1246,2,0) -> 0 | C11: =VLOOKUP(UFLS!A11,DB!$A$3:$C$1246,3,0) -> 0
A12: R. Quereo 110 kV | B12: =VLOOKUP(UFLS!A12,DB!$A$3:$C$1246,2,0) -> 0 | C12: =VLOOKUP(UFLS!A12,DB!$A$3:$C$1246,3,0) -> 0
A13: R. Tres Esquinas 1 66 kV | B13: =VLOOKUP(UFLS!A13,DB!$A$3:$C$1246,2,0) -> 0 | C13: =VLOOKUP(UFLS!A13,DB!$A$3:$C$1246,3,0) -> 0
... A232: I. Minero-El Cobre 1 110 kV | B232: =VLOOKUP(UFLS!A232,DB!$A$3:$C$1246,2,0) -> 92.96417 | C232: =VLOOKUP(UFLS!A232,DB!$A$3:$C$1246,3,0) -> 22.67437

Sheet DB
A1: Name | B1: Act.Pow. | C1: React.Pow.
B2: MW | C2: Mvar
A3: Autoconsumo CSP Cerro Dominador | B3: 1.886673 | C3: 0
A4: C. AFC Minera - C. DSM Minera | B4: 2.441577 | C4: 0
A5: C. Afta Inacesa-La Negra (ELECDA) | B5: 6.325904 | C5: 1.284528
A6: C. Afta La Negra | B6: 5.216097 | C6: 1.521361
A7: C. Afta. Desalant I | B7: 13.09573 | C7: -2.659201
A8: C. Afta. Desalant II UFR | B8: 0.6658847 | C8: -5.078722
A9: C. Afta. SQM El Salar EA - Litio EDELNOR | B9: 1.331769 | C9: 0.3337721
A10: C. Aguas Blancas UFR-Aguas Blancas | B10: 6.991789 | C10: -2.537681
A11: C. Agunsa/Interacid/Collahuasi-Puerto-SA | B11: 0.1109808 | C11: 0.1100744
A12: C. Algorta UFR | B12: 4.439231 | C12: -5.053093
A13: C. Alto Norte B1 #1 UFR | B13: 6.214924 | C13: 0
A14: C. Alto Norte B1 #2 UFR | B14: 6.214924 | C14: 0
... A1234: zSADI | B1234: 0 | C1234: 0
